doi,novelty,verif,replicated
10.1002/(sici)1099-0771(199806)11:2<107::aid-bdm292>3.0.co;2-y,29.0,0.1552265834027539,1
10.1002/(sici)1099-0771(200001/03)13:1<1::aid-bdm333>3.0.co;2-s,73.0,4.1711952588891435e-10,1
10.1002/acp.1376,37.0,0.9999998039986814,1
10.1002/acp.2874,86.0,0.94792316911262,1
10.1002/bdm.492,80.0,0.9999994768101265,0
10.1002/bdm.586,77.0,0.9999999999990905,0
10.1002/ejsp.2013,96.0,1.0,1
10.1002/ejsp.2420170402,64.0,0.9969467681717197,1
10.1002/ejsp.446,76.0,0.027270193216203466,1
10.1002/jeab.432,59.0,1.0,1
10.1002/jeab.705,38.0,0.999999961961067,1
10.1002/job.2118,78.0,0.9999997741479347,1
10.1002/pam.21702,92.0,9.617687625504404e-08,1
10.1002/per.1902,96.0,1.0,0
10.1002/per.2062,82.0,0.9999999999961346,0
10.1002/per.758,81.0,0.9999376116174146,1
10.1002/per.803,75.0,0.999999999652573,1
10.1002/smj.2585,93.0,0.999091314720061,1
10.1002/soej.12223,86.0,1.8223494725346597e-10,0
10.1007/s10683-011-9281-9,97.0,1.0,1
10.1007/s10683-011-9295-3,59.0,1.0,1
10.1007/s11098-010-9651-8,90.0,1.0,1
10.1007/s11145-010-9282-7,65.0,1.6002145940344977e-06,1
10.1007/s13524-011-0026-3,100.0,0.9999999563049197,0
10.1007/s13524-018-0725-0,67.0,1.0,0
10.1016/0022-1031(91)90011-t,19.0,1.0,1
10.1016/j.jcps.2010.06.007,54.0,0.022196783999079334,0
10.1016/j.learninstruc.2018.05.004,85.0,0.9999551959239086,1
10.1016/j.nlm.2017.09.009,86.0,1.0,0
10.1016/j.obhdp.2013.10.003,92.0,0.9999999999956799,0
10.1016/j.worlddev.2016.03.006,97.0,5.108401499570128e-13,0
10.1016/s0272-6963(97)00033-8,99.0,0.9999999999974989,1
10.1017/bec.2013.16,19.0,0.08028355271427197,1
10.1017/epi.2013.23,66.0,1.0,1
10.1017/s0003055410000262,92.0,1.0787448014102553e-12,0
10.1017/s0003055412000299,94.0,0.9999999996423412,1
10.1017/s0007123411000421,92.0,0.2794829243708936,1
10.1017/s0007123421000557,89.0,2.5825178025841374e-07,0
10.1017/s0033291713000202,100.0,0.9999999996776978,0
10.1017/s0043887112000032,96.0,7.037796147541777e-07,1
10.1017/s1366728914000273,77.0,2.852124767713883e-13,1
10.1017/s1930297500001170,86.0,0.9999999735275654,1
10.1017/s1930297500005064,10.0,6.961582904277423e-08,0
10.1017/xps.2014.22,37.0,3.7072271822226866e-08,0
10.1017/xps.2017.21,72.0,6.07039530938018e-13,0
10.1027/1864-9335/a000147,78.0,5.202631499166282e-07,0
10.1037/0021-843x.115.4.798,91.0,0.9999990898219998,1
10.1037/0021-9010.77.4.419,87.0,0.9999740717545073,0
10.1037/0021-9010.85.5.751,95.0,1.0,1
10.1037/0022-3514.67.3.357,53.0,0.9960389633255962,1
10.1037/0022-3514.67.4.627,94.0,0.959960424187249,0
10.1037/0022-3514.73.4.733,86.0,0.9999994826036047,0
10.1037/0022-3514.74.3.774,31.0,8.613950831342485e-16,0
10.1037/0022-3514.77.4.785,75.0,1.0,1
10.1037/0022-3514.80.6.995,56.99999999999999,8.785371543568115e-06,1
10.1037/0022-3514.83.1.138,32.0,0.8656782613287259,0
10.1037/0022-3514.83.1.44,81.0,1.0302185298280538e-23,1
10.1037/0022-3514.83.5.1165,64.0,0.9999999998294697,1
10.1037/0022-3514.83.5.1239,63.0,0.22288923535196484,1
10.1037/0022-3514.84.2.411,76.0,1.0,1
10.1037/0022-3514.84.4.871,73.0,0.975938512507957,1
10.1037/0022-3514.90.4.543,5.0,0.00035306592596652514,0
10.1037/0022-3514.94.1.1,75.0,1.6196310354765295e-09,0
10.1037/0022-3514.94.1.116,87.0,1.206491682464628e-12,1
10.1037/0022-3514.94.1.158,99.0,0.9999957838718022,0
10.1037/0022-3514.94.1.16,85.0,5.4114508958413625e-08,0
10.1037/0022-3514.94.1.48,83.0,1.8793414913895125e-10,0
10.1037/0022-3514.94.1.91,55.00000000000001,1.261753214386008e-16,0
10.1037/0022-3514.94.2.245,74.0,0.9785640766535791,1
10.1037/0022-3514.94.2.94.2.196,41.0,3.217447382723282e-18,0
10.1037/0022-3514.94.3.382,6.0,9.152146851001814e-21,0
10.1037/0022-3514.94.3.396,53.0,1.448232158004131e-10,0
10.1037/0022-3514.94.3.429,43.0,8.427930679423204e-19,0
10.1037/0022-3514.94.3.495,72.0,7.405006251736207e-13,0
10.1037/0022-3514.94.3.516,86.0,1.0,1
10.1037/0022-3514.94.4.560,77.0,0.0077674411791805375,0
10.1037/0022-3514.94.4.579,32.0,8.403985854530865e-19,0
10.1037/0022-3514.94.4.600,79.0,0.9999999999998863,0
10.1037/0022-3514.94.4.615,74.0,0.0011619537439286314,0
10.1037/0022-3514.94.4.647,46.0,0.8126509907044064,1
10.1037/0022-3514.94.4.672,70.0,0.9999999994095106,0
10.1037/0022-3514.94.4.696,74.0,6.446407309290784e-32,0
10.1037/0022-3514.94.4.718,75.0,1.0,1
10.1037/0022-3514.94.5.871,43.0,0.9999999997844498,1
10.1037/0022-3514.95.1.76,6.0,3.585403828990465e-09,0
10.1037/0022-3514.95.2.274,67.0,2.659989357078653e-22,1
10.1037/0022-3514.95.2.293,52.0,0.0015600149967980154,0
10.1037/0022-3514.95.2.420,76.0,8.262188467530629e-05,0
10.1037/0033-2909.118.1.3,98.0,1.0,1
10.1037/0033-2909.124.2.197,67.0,1.0,1
10.1037/0033-2909.129.6.914,98.0,0.001952882079697062,1
10.1037/0033-295x.93.2.136,91.0,1.0,1
10.1037/0096-1523.3.4.544,96.0,0.9999999929955266,1
10.1037/0096-3445.133.1.23,36.0,0.9490351644676827,1
10.1037/0096-3445.135.4.641,53.0,1.008728149434615e-23,0
10.1037/0096-3445.136.2.241,40.0,5.80777466562672e-29,0
10.1037/0096-3445.136.2.289,60.0,1.1005454832309295e-13,1
10.1037/0096-3445.136.4.569,67.0,1.4135652062651912e-18,0
10.1037/0278-7393.34.1.128,43.0,0.0010271720701858045,1
10.1037/0278-7393.34.1.146,29.0,0.9999962361955913,0
10.1037/0278-7393.34.1.167,97.0,1.0,0
10.1037/0278-7393.34.1.186,96.0,0.9999999999997726,1
10.1037/0278-7393.34.1.219,25.0,1.0,0
10.1037/0278-7393.34.1.230,20.0,0.5638956125703697,0
10.1037/0278-7393.34.1.237,43.0,0.9999999974754701,0
10.1037/0278-7393.34.1.243,46.0,0.997085910341673,0
10.1037/0278-7393.34.1.249,36.0,1.0,0
10.1037/0278-7393.34.1.50,16.0,0.0003079430252001731,1
10.1037/0278-7393.34.1.80,56.99999999999999,0.9311484664953601,1
10.1037/0278-7393.34.1.97,80.0,0.466754781179195,1
10.1037/0278-7393.34.2.302,79.0,4.778941094241066e-24,0
10.1037/0278-7393.34.2.343,96.0,1.724725774949169e-19,1
10.1037/0278-7393.34.2.353,10.0,1.2407040693552895e-17,0
10.1037/0278-7393.34.2.369,46.0,0.9995830707740537,1
10.1037/0278-7393.34.2.399,96.0,0.9514264367491859,1
10.1037/0278-7393.34.2.408,46.0,1.094155104798102e-15,0
10.1037/0278-7393.34.2.430,77.0,0.0008529883776984322,1
10.1037/0278-7393.34.3.439,89.0,0.9969716064967211,0
10.1037/0278-7393.34.3.460,37.0,0.8866510974169498,0
10.1037/0278-7393.34.3.478,54.0,0.9999999999854481,0
10.1037/0278-7393.34.3.495,36.0,1.0,1
10.1037/0278-7393.34.3.514,2.0,1.0,1
10.1037/0278-7393.34.3.524,39.0,0.9625306440728606,1
10.1037/0278-7393.34.3.546,91.0,1.0,1
10.1037/a0012833,20.0,0.006354087096941497,0
10.1037/a0015960,64.0,0.0033985725471629607,0
10.1037/a0016795,51.0,3.326341784079263e-11,1
10.1037/a0018983,81.0,0.0006957013278400336,0
10.1037/a0019006,91.0,0.9990203312731358,1
10.1037/a0019337,31.0,2.776418931161281e-07,1
10.1037/a0019689,55.00000000000001,2.559382108717103e-09,0
10.1037/a0020092,74.0,2.792813297331144e-26,0
10.1037/a0020757,29.0,0.9998347725043514,0
10.1037/a0021524,9.0,1.0,0
10.1037/a0023527,86.0,1.719167393310642e-32,0
10.1037/a0025035,72.0,0.025041810593333436,0
10.1037/a0025345,87.0,0.0002530298026661019,0
10.1037/a0025883,31.0,7.525016571199765e-08,1
10.1037/a0027407,61.0,0.9999983641582468,1
10.1037/a0027598,89.0,3.1049898043625682e-24,0
10.1037/a0028216,38.0,0.9999999947010565,1
10.1037/a0028964,92.0,0.963617691539056,0
10.1037/a0029288,44.0,6.014068672499237e-15,0
10.1037/a0029395,48.0,2.9706639558224997e-08,1
10.1037/a0029649,54.0,0.9993832407387631,0
10.1037/a0031047,27.0,0.9999999949542371,0
10.1037/a0032108,87.0,0.9831990632726016,1
10.1037/a0034352,26.0,0.9999926213578704,0
10.1037/a0034462,37.0,1.2898397883142231e-09,0
10.1037/a0036477,53.0,0.0003102608720153424,1
10.1037/a0038647,87.0,0.9999056472486035,0
10.1037/a0039737,83.0,0.8920808681326756,1
10.1037/apl0000082,87.0,0.9997317315554763,1
10.1037/ebs0000028,90.0,7.912364991607013e-18,1
10.1037/h0076284,90.0,0.999999999550937,1
10.1037/h0091247,1.0,1.0,1
10.1037/pspa0000032,51.0,1.0550020886116457e-13,1
10.1037/pspa0000093,91.0,4.811518336682952e-11,1
10.1037/pspi0000081,62.0,0.9162728749870624,1
10.1037/pspi0000109,81.0,0.00013361912561629365,0
10.1037/pspi0000121,86.0,2.367048371791074e-13,1
10.1037/xge0000064,27.0,0.9999868824268994,0
10.1037/xge0000157,94.0,1.0,0
10.1037/xge0000466,83.0,0.9999515556105425,1
10.1037/xge0000738,82.0,0.9635319000388525,0
10.1038/nn1979,88.0,0.9073847207723494,0
10.1038/oby.2005.12,72.0,1.4753914355305515e-10,1
10.1038/s41598-017-10669-4,70.0,2.520365170350717e-07,1
10.1038/s41598-018-31129-7,96.0,0.9999998401369922,1
10.1038/s41598-022-24919-7,64.0,0.9998564924571679,1
10.1057/s41599-019-0279-9,90.0,0.012010476243469887,1
10.1073/pnas.0908963106,85.0,1.0,1
10.1073/pnas.1103343108,93.0,2.5110802004798325e-07,0
10.1073/pnas.1118373109,43.0,3.637563905674468e-13,0
10.1073/pnas.1216438110,48.0,1.0,1
10.1073/pnas.1501592112,27.0,1.0,0
10.1073/pnas.1505067112,65.0,1.0,1
10.1073/pnas.1508932113,70.0,0.9999999871158708,1
10.1073/pnas.1511536112,71.0,1.3394436755037047e-22,0
10.1073/pnas.1516047113,91.0,2.3566056138304236e-29,0
10.1073/pnas.1516868113,44.0,0.9999999965064035,0
10.1073/pnas.1517662112,30.0,8.75235118869752e-12,0
10.1073/pnas.1519401113,54.0,0.002967824846400189,1
10.1073/pnas.1523586113,72.0,2.922818022074552e-09,0
10.1073/pnas.1523698113,92.0,0.9999819213346048,1
10.1073/pnas.1601280113,16.0,0.9999999888063941,0
10.1073/pnas.1606574113,71.0,1.0,1
10.1073/pnas.1607330114,49.0,0.9856228872112389,0
10.1073/pnas.1610834113,87.0,1.1140372273806572e-14,0
10.1073/pnas.1616921114,80.0,0.018904258603934562,1
10.1073/pnas.1620542114,86.0,1.0,1
10.1073/pnas.1701916114,15.0,0.9954088300276862,1
10.1073/pnas.1704032114,97.0,1.0,1
10.1073/pnas.1705238114,40.0,0.09900863653261167,1
10.1073/pnas.1706253114,94.0,1.246032998508903e-19,1
10.1073/pnas.1706913114,64.0,0.9996837995842378,1
10.1073/pnas.1707040114,12.0,5.009833263366525e-17,0
10.1073/pnas.1707719114,78.0,1.2272551481946581e-15,1
10.1073/pnas.1717092115,87.0,1.0,1
10.1073/pnas.1722664115,76.0,5.011131771776103e-09,0
10.1073/pnas.1805284115,97.0,0.9988561757580661,0
10.1073/pnas.1805327115,29.0,0.9972548810527095,1
10.1073/pnas.1908369116,86.0,1.0,1
10.1073/pnas.2120668119,83.0,0.9999342728652483,1
10.1073/pnas.2218961120,96.0,1.725516787875393e-08,0
10.1075/arcl.7.07gri,81.0,0.999999971850912,1
10.1075/jslp.22013.tel,89.0,0.8425533973053003,0
10.1075/resla.17019.loz,98.0,1.0,0
10.1080/00224545.2016.1270892,97.0,0.9999997906475292,0
10.1080/02699931.2015.1059317,11.0,0.1709202978382605,1
10.1080/02699931.2016.1273201,67.0,0.09108313610588063,0
10.1080/02699931.2017.1394817,69.0,0.9997219842719126,1
10.1080/026999398379411,17.0,8.921591830588672e-14,1
10.1080/09515080307771,0.0,1.0,1
10.1080/0951508042000202354,31.0,0.9999997607617674,1
10.1080/09515080500177309,4.0,1.0,1
10.1080/09515080500264180,55.00000000000001,1.0,1
10.1080/09515080801978777,12.0,1.0,1
10.1080/09515080902802769,3.0,1.0,0
10.1080/09515080903532290,81.0,1.0,1
10.1080/09515089.2014.894431,9.0,1.0,1
10.1080/10503307.2012.731088,99.0,0.9999999497538296,1
10.1080/10584609.1994.9963030,92.0,9.527118672946184e-09,1
10.1080/135062899395000,73.0,0.9999999999970441,1
10.1080/13869790600641905,36.0,1.0,1
10.1080/23273798.2020.1810292,60.0,0.0012261422926068705,1
10.1086/268936,75.0,0.9999999624114941,1
10.1086/269239,82.0,8.786286237086415e-05,0
10.1086/597030,91.0,0.999999999844249,0
10.1086/597428,99.0,0.9999999974534148,0
10.1086/598971,89.0,0.36181048232345053,0
10.1086/648381,66.0,1.0667870460294393e-25,0
10.1086/658469,83.0,8.292976884717991e-16,0
10.1086/661531,64.0,0.0004891030897837845,0
10.1086/669476,74.0,2.0120968100930022e-15,0
10.1086/670020,97.0,0.9999999952206053,0
10.1086/679118,87.0,0.9999999240540121,0
10.1086/691462,97.0,2.5357077235813243e-08,0
10.1089/cyber.2015.0311,87.0,0.9999999999943157,1
10.1089/cyber.2016.0530,36.0,7.214991144595838e-05,0
10.1093/aesthj/ayu027,96.0,0.9999999732083328,1
10.1093/analys/63.3.190,72.0,1.0,1
10.1093/esr/jcs057,87.0,1.0,1
10.1093/esr/jcw008,96.0,2.107834106202823e-07,0
10.1093/esr/jcx078,84.0,0.7501691277392557,1
10.1093/geronb/gbx099,61.0,1.0,0
10.1093/her/cyl160,98.0,5.748439337627904e-06,1
10.1093/jcr/ucaa006,53.0,8.41471733510427e-09,0
10.1093/jcr/ucaa019,78.0,1.5705380880673058e-10,0
10.1093/jcr/ucv007,41.0,8.188719327102337e-09,1
10.1093/jcr/ucv023,62.0,4.3270937068890336e-14,0
10.1093/jcr/ucv049,90.0,0.004831595635278563,0
10.1093/jcr/ucv051,75.0,2.0924349587309346e-14,0
10.1093/jcr/ucw008,74.0,5.559434017129378e-20,0
10.1093/jcr/ucw056,80.0,1.005268610307617e-07,0
10.1093/jcr/ucx039,56.00000000000001,1.7099261635974205e-05,0
10.1093/jcr/ucx067,36.0,4.905248563990536e-18,1
10.1093/jcr/ucx109,99.0,0.0013937041764514064,1
10.1093/jcr/ucy082,25.0,6.394799249986974e-05,1
10.1093/jcr/ucz022,96.0,2.8104379454400423e-08,0
10.1093/jcr/ucz028,26.0,0.9999085261764236,0
10.1093/poq/nfx042,68.0,0.00016308705136336584,1
10.1093/qje/qjr034,33.0,0.090817396785002,0
10.1093/qje/qjt035,71.0,0.9999999999861302,0
10.1093/sf/sou074,85.0,5.073171590620577e-06,1
10.1093/workar/waac024,89.0,3.11919202882093e-13,0
10.1097/00004703-200604002-00013,94.0,1.0,1
10.1097/00006842-200103000-00012,100.0,3.927778000422732e-23,0
10.1098/rspb.2022.0128,48.0,0.999999996249926,0
10.1111/1467-6494.00102,54.0,1.0,1
10.1111/1467-6494.t01-1-00094,94.0,1.0,1
10.1111/1467-9280.00334,56.99999999999999,1.8919731815893307e-07,0
10.1111/1467-9280.00376,36.0,1.994655237267826e-06,1
10.1111/1467-9280.00431,69.0,0.9999760763434123,1
10.1111/1467-9280.02436,71.0,0.9999962029241272,0
10.1111/1745-9125.12008,93.0,0.9998276893922096,1
10.1111/ajps.12252,82.0,0.0005687814888735835,0
10.1111/bjhp.12185,89.0,0.030381410090305212,1
10.1111/cogs.12605,70.0,1.0,1
10.1111/flan.12063,94.0,5.330805465880404e-15,1
10.1111/j.1460-2466.1984.tb02164.x,100.0,0.8359641947067656,0
10.1111/j.1467-7687.2009.00807.x,95.0,0.8553117293013401,1
10.1111/j.1467-7687.2009.00859.x,95.0,0.9999830613289641,1
10.1111/j.1467-8284.2004.00481.x,99.0,1.0,1
10.1111/j.1467-8624.2007.00995.x,88.0,7.952276305076691e-12,0
10.1111/j.1467-8624.2009.01312.x,99.0,1.1697097465283753e-10,1
10.1111/j.1467-9280.2006.01704.x,56.99999999999999,0.9999999917921514,0
10.1111/j.1467-9280.2006.01720.x,54.0,0.031186043227767597,1
10.1111/j.1467-9280.2006.01824.x,61.0,2.900167365473476e-15,0
10.1111/j.1467-9280.2007.01909.x,41.0,0.10141710540374325,0
10.1111/j.1467-9280.2007.01944.x,59.0,0.9999798242670629,0
10.1111/j.1467-9280.2008.02041.x,72.0,0.003278037821184835,1
10.1111/j.1467-9280.2008.02042.x,21.0,2.150573635669543e-11,1
10.1111/j.1467-9280.2008.02043.x,99.0,0.9465319599907566,1
10.1111/j.1467-9280.2008.02044.x,47.0,3.768965292160378e-05,0
10.1111/j.1467-9280.2008.02045.x,37.0,3.0649683407747337e-10,0
10.1111/j.1467-9280.2008.02046.x,29.0,1.0673479958276996e-05,1
10.1111/j.1467-9280.2008.02049.x,90.0,2.265479925981632e-11,0
10.1111/j.1467-9280.2008.02050.x,100.0,0.03168716464590662,1
10.1111/j.1467-9280.2008.02051.x,32.0,0.0014622431037899018,0
10.1111/j.1467-9280.2008.02052.x,20.0,0.4444530664167868,0
10.1111/j.1467-9280.2008.02053.x,84.0,0.999999999595957,0
10.1111/j.1467-9280.2008.02056.x,93.0,0.007993598027758824,0
10.1111/j.1467-9280.2008.02057.x,76.0,3.693560217546915e-05,1
10.1111/j.1467-9280.2008.02060.x,88.0,0.007828063023427057,0
10.1111/j.1467-9280.2008.02061.x,98.0,0.9999999979002041,1
10.1111/j.1467-9280.2008.02062.x,75.0,8.955228271259389e-21,0
10.1111/j.1467-9280.2008.02064.x,29.0,0.45166497790242877,1
10.1111/j.1467-9280.2008.02069.x,71.0,0.9666215025068574,0
10.1111/j.1467-9280.2008.02070.x,55.00000000000001,1.4905534299943626e-11,0
10.1111/j.1467-9280.2008.02076.x,60.0,0.5541183673464645,0
10.1111/j.1467-9280.2008.02077.x,28.000000000000004,3.1478596352095857e-09,0
10.1111/j.1467-9280.2008.02078.x,84.0,0.999998223356429,0
10.1111/j.1467-9280.2008.02080.x,98.0,0.0002599650034690419,1
10.1111/j.1467-9280.2008.02081.x,54.0,0.9999839291215163,0
10.1111/j.1467-9280.2008.02084.x,89.0,5.033141124524901e-19,0
10.1111/j.1467-9280.2008.02085.x,70.0,0.9999999872063655,1
10.1111/j.1467-9280.2008.02088.x,56.00000000000001,1.5252121495089887e-12,1
10.1111/j.1467-9280.2008.02089.x,72.0,0.9999999655967718,1
10.1111/j.1467-9280.2008.02091.x,65.0,0.7012217211165723,1
10.1111/j.1467-9280.2008.02092.x,75.0,0.7911265067187666,0
10.1111/j.1467-9280.2008.02093.x,33.0,2.4665344353598016e-12,0
10.1111/j.1467-9280.2008.02095.x,63.0,0.9999987755437125,1
10.1111/j.1467-9280.2008.02098.x,78.0,0.002185391863214085,1
10.1111/j.1467-9280.2008.02100.x,47.0,1.0,1
10.1111/j.1467-9280.2008.02136.x,86.0,0.999992050139549,1
10.1111/j.1467-9280.2008.02157.x,76.0,0.9999870980871154,0
10.1111/j.1467-9280.2008.02159.x,66.0,0.9999991733578787,0
10.1111/j.1467-9280.2008.02227.x,49.0,1.6181015226863154e-24,0
10.1111/j.1467-9280.2009.02426.x,79.0,3.0222628985506236e-20,0
10.1111/j.1467-9280.2009.02447.x,98.0,0.19341944593227364,1
10.1111/j.1468-0017.2006.00297.x,14.000000000000002,0.9999999999979536,1
10.1111/j.1468-0017.2010.01398.x,81.0,1.0,1
10.1111/j.1468-0017.2011.01428.x,51.0,1.0,1
10.1111/j.1551-6709.2011.01210.x,8.0,0.9996701166748988,0
10.1111/j.1741-3737.2012.00990.x,99.0,0.9999990474086634,0
10.1111/j.1741-3737.2012.01034.x,94.0,0.0016442157868660843,0
10.1111/lang.12161,74.0,1.4216529581029017e-21,0
10.1126/science.1091721,98.0,0.9999999999987494,1
10.1126/science.1130726,45.0,2.93532540441032e-44,0
10.1126/science.1183532,97.0,0.9999394793407641,1
10.1126/science.1186799,80.0,2.1641440034861885e-07,0
10.1126/science.1189993,98.0,1.8252402865288398e-05,1
10.1126/science.1190792,45.0,0.7182145108001147,1
10.1126/science.1191465,92.0,4.122353621712574e-07,1
10.1126/science.1195701,71.0,4.742116071020389e-06,1
10.1126/science.1199327,98.0,0.9999950849508249,1
10.1126/science.1199427,93.0,3.702403626531824e-11,0
10.1126/science.1207745,69.0,0.9999999308242902,0
10.1126/science.1211180,84.0,0.9999999964704784,1
10.1126/science.1215647,92.0,1.0214856526788883e-07,0
10.1126/science.1221936,5.0,0.004364436220354858,1
10.1126/science.1222426,23.0,1.3306574549435893e-07,1
10.1126/science.1224313,9.0,0.9999999999997726,1
10.1126/science.1238041,51.0,1.3358004294559158e-20,0
10.1126/science.1239918,84.0,2.8529652277383538e-06,0
10.1126/science.1250830,81.0,0.0545674874187297,1
10.1126/science.1253932,45.0,0.02590919280735229,1
10.1126/science.283.5398.77,64.0,0.9999999999997726,0
10.1126/science.7455683,34.0,0.9999342328146446,1
10.1145/3105726.3106182,99.0,0.9999999999890861,1
10.1145/3290605.3300469,84.0,7.839116536144489e-07,1
10.1152/japplphysiol.91324.2008,99.0,6.090300945952152e-15,0
10.1162/003355397555208,99.0,0.9999999978485903,1
10.1162/jocn_a_00709,69.0,0.00115595841271459,1
10.1162/qjec.122.3.1067,74.0,0.042456710608730776,1
10.1163/156853706776931222,57.99999999999999,1.0,1
10.1163/156853706776931385,43.0,1.0,1
10.1177/0001839219840022,91.0,0.3470035784862901,0
10.1177/0003122414558919,89.0,0.9999900584772011,1
10.1177/0010414013516928,92.0,0.999999949600125,1
10.1177/0010414017740603,98.0,1.9411332970451383e-06,0
10.1177/0022243718813544,82.0,9.281712367522127e-16,0
10.1177/0022243720904758,66.0,2.9555978127200134e-09,1
10.1177/0022243720932532,65.0,0.026829546387310336,1
10.1177/0093650215609676,79.0,9.5725077169617e-19,0
10.1177/0146167202286008,66.0,1.4913774223390334e-05,1
10.1177/0146167207309195,40.0,8.024177257416459e-11,1
10.1177/0146167210386238,33.0,0.020885482995697223,0
10.1177/0146167212475225,23.0,0.9990807580527069,0
10.1177/0146167214524992,95.0,0.9999972001272087,0
10.1177/0146167215580776,82.0,3.483695551655802e-11,0
10.1177/0146167215610520,76.0,0.9960757380412767,1
10.1177/01461672211025423,56.00000000000001,0.9999315820721507,1
10.1177/01461672952111004,81.0,0.9999997774368942,1
10.1177/0261927x01020004004,92.0,0.013204179212943696,1
10.1177/0267658310386439,89.0,2.1755437291902264e-07,1
10.1177/0956797609358096,94.0,2.1424412778506306e-12,0
10.1177/0956797610372631,62.0,9.108690095912905e-21,0
10.1177/0956797610395393,53.0,0.9999999559730678,0
10.1177/0956797610397956,35.0,0.9999999834210486,1
10.1177/0956797611398497,68.0,1.8634280591892045e-05,0
10.1177/0956797611402514,56.99999999999999,8.020692721846972e-29,0
10.1177/0956797611413935,79.0,1.9997783190374612e-11,1
10.1177/0956797611414726,82.0,3.837501201653545e-16,0
10.1177/0956797611418350,44.0,5.511456955018734e-07,1
10.1177/0956797611428079,74.0,1.908389905612127e-11,0
10.1177/0956797611434537,49.0,0.0030555153884692233,0
10.1177/0956797611434540,68.0,0.19327467152126432,0
10.1177/0956797611434748,78.0,0.38086956377502196,1
10.1177/0956797612449177,91.0,5.4609787142408806e-14,0
10.1177/0956797613494853,84.0,9.12786178162329e-08,1
10.1177/0956797613502732,70.0,1.0064909392762817e-22,0
10.1177/0956797613508412,45.0,6.88636857589397e-17,0
10.1177/0956797614527113,82.0,9.211431325446212e-14,0
10.1177/0956797614534693,68.0,0.9999999999839702,0
10.1177/0956797614553009,90.0,0.9999999999920419,1
10.1177/0956797614558718,83.0,0.945982263112019,1
10.1177/0956797614563108,82.0,2.1453661244573355e-29,0
10.1177/0956797614563958,37.0,7.532558707943761e-07,1
10.1177/0956797615569889,29.0,1.0118352383916412e-10,0
10.1177/0956797615573516,20.0,0.9999995617998644,1
10.1177/0956797615581491,83.0,1.0,1
10.1177/0956797615588195,61.0,9.724398281791264e-06,1
10.1177/0956797615598739,98.0,1.285826602696595e-11,1
10.1177/0956797615608267,13.0,6.827781220887365e-12,1
10.1177/0956797615612202,63.0,0.9999986282539652,1
10.1177/0956797615617779,41.0,0.012650977396797141,1
10.1177/0956797615624492,59.0,3.5995152603689094e-06,0
10.1177/0956797615625640,92.0,2.1593414118762383e-48,0
10.1177/0956797616639727,88.0,7.207533307795436e-13,0
10.1177/0956797616640705,65.0,0.9999982550165659,1
10.1177/0956797616650875,62.0,0.999999999941565,1
10.1177/0956797616651973,59.0,1.0,1
10.1177/0956797616662271,63.0,0.9999999999861302,1
10.1177/0956797616667459,22.0,1.5639250819346983e-28,0
10.1177/0956797616669947,52.0,9.258651230174248e-05,0
10.1177/0956797616674999,90.0,0.9999999998096882,1
10.1177/0956797616685771,24.0,5.6491780178726e-07,1
10.1177/0956797617705399,18.0,2.602967149783686e-08,1
10.1177/0956797617728270,89.0,0.9999960397748255,0
10.1177/0956797618756862,37.0,0.9999999999583906,1
10.1177/0956797618760784,36.0,1.853062243997876e-19,1
10.1177/0956797618779061,15.0,0.9999999999997726,1
10.1177/0956797618780643,86.0,8.964965830618168e-16,0
10.1177/0956797618788882,96.0,0.7383591066503111,1
10.1177/0956797618805750,23.0,1.0,1
10.1177/0956797618806296,52.0,1.0,1
10.1177/0956797619854706,16.0,2.278220687340595e-13,0
10.1177/0956797619856844,74.0,0.009892937588568136,0
10.1177/0956797619879441,84.0,0.9999901580486057,0
10.1177/0956797620927967,99.0,5.52408492124224e-17,1
10.1177/09567976221082637,36.0,0.9999780608715039,1
10.1177/1073191116686685,93.0,0.9992211972588937,1
10.1177/1077559513483002,93.0,0.9999914759300239,1
10.1177/1948550609360261,82.0,3.5825814221553365e-08,0
10.1177/1948550611410890,83.0,1.285559947892596e-07,0
10.1177/1948550611432938,87.0,2.5877036293729475e-26,1
10.1177/1948550612457688,2.0,0.9999999999997726,0
10.1177/1948550614555029,77.0,0.9990112546783679,0
10.1177/1948550617720269,95.0,8.129091417301603e-06,0
10.1177/1948550617751583,91.0,0.998868922600188,0
10.1177/1948550619843931,88.0,0.9999999708568343,1
10.1177/2167702614545216,83.0,6.806651786503024e-07,0
10.1207/s15324834basp2504_5,51.0,2.807259652422981e-07,0
10.1207/s15327795jra0303_2,66.0,0.9999999994726068,1
10.1249/mss.0000000000000818,95.0,0.04349664970807937,0
10.1257/aer.101.2.470,75.0,2.2575002734022413e-05,0
10.1257/aer.101.2.526,91.0,0.9999605302636748,1
10.1257/aer.101.2.819,98.0,5.4817978352677146e-11,0
10.1257/aer.101.2.927,80.0,1.0,1
10.1257/aer.101.4.1211,94.0,0.9999999998583462,1
10.1257/aer.101.6.2562,64.0,0.9999999992337507,0
10.1257/aer.101.7.3109,31.0,4.1933514765982667e-07,0
10.1257/aer.102.1.337,89.0,1.0,1
10.1257/aer.102.2.720,73.0,1.0,1
10.1257/aer.102.2.834,97.0,1.5674940210266853e-05,1
10.1257/aer.102.2.865,94.0,0.9992175730589887,1
10.1257/aer.102.5.2018,84.0,4.083264830930072e-10,1
10.1257/aer.102.7.3317,44.0,1.0,1
10.1257/aer.103.4.1325,74.0,2.1618041142399273e-16,1
10.1257/aer.104.11.3434,100.0,0.999999999996362,1
10.1257/aer.104.6.1735,44.0,0.9999999999022293,0
10.1257/aer.20130267,98.0,0.23764332999313778,1
10.1257/aer.20170029,78.0,0.9927424795722174,0
10.1257/app.20150517,98.0,0.9999999708225009,0
10.1287/mnsc.2019.3362,56.00000000000001,0.9999999989556727,0
10.1287/orsc.1080.0377,100.0,0.0032834508252179754,1
10.1371/journal.pone.0071475,98.0,0.9999999920316895,1
10.1371/journal.pone.0154854,97.0,5.008205803692169e-08,1
10.1509/jmkr.45.6.633,10.0,0.9995699304546598,0
10.1509/jmkr.46.1.37,38.0,3.134189538732074e-19,0
10.1509/jmkr.46.2.247,56.99999999999999,0.7806559007388743,1
10.1509/jmkr.47.2.348,24.0,3.055893988199798e-09,1
10.1509/jmkr.48.2.403,67.0,5.15956815165378e-10,0
10.1509/jmr.12.0430,51.0,2.491664006197632e-09,1
10.1509/jmr.13.0023,90.0,0.9999999391725415,0
10.1509/jmr.13.0451,10.0,0.7234439549846705,0
10.1509/jmr.14.0130,46.0,1.2123098237781242e-08,0
10.1509/jppm.16.157,90.0,0.0021320090743341294,1
10.1521/soco.2018.36.1.4,78.0,5.743593954663099e-10,0
10.1523/jneurosci.3427-13.2014,85.0,0.9999997962938986,1
10.2196/jmir.2551,80.0,0.08768345436327771,1
10.2501/jar-40-1-2-29-34,84.0,4.8106414387884754e-05,1
10.3102/0002831208323278,97.0,0.9998153594746332,1
10.3102/0002831209350493,69.0,0.9949322283489436,1
10.3102/0002831210374874,86.0,1.0,0
10.3102/0002831211419490,96.0,9.760207666565227e-06,0
10.3389/fpsyg.2014.01276,7.000000000000001,2.6592203799566782e-25,0
10.3389/fpsyg.2024.1335892,92.0,1.0,1
10.3758/s13414-020-02150-8,10.0,0.9999999964707058,1
10.5465/amj.2016.0086,92.0,5.405242112834457e-13,0
